,Unnamed: 0,pop,deaths,edu,employ,strat,income,religion,depression
8,FL,20612439,14.4,28.5,4.8,3,50860,0.54,4
47,WV,1831102,43.4,19.9,6.1,5,42620,0.69,5
26,NE,1907116,2.4,30.6,3.1,1,55474,0.54,4
36,OR,4093465,7.6,32.3,4.8,4,54748,0.48,5
10,HI,1428557,5.2,32.0,3.0,1,74451,0.47,2
48,WI,5778708,15.8,29.0,4.0,2,56115,0.45,4
32,NC,10146788,15.4,29.9,5.1,4,48420,0.65,5
28,NH,1334795,35.8,36.0,2.9,5,70813,0.33,5
5,CO,5540545,9.5,39.4,3.2,2,65685,0.47,3
12,IL,12801539,15.3,33.4,5.8,3,60094,0.51,4
